{
    "window_shift_x": 278,
    "window_shift_y": 130,
    "window_width": 630,
    "window_height": 320,

    "brightness": 0,
    "contrast": 100,
    "saturation": 0,
    "exposure_absolute": 400,

    "port": 28500,
    "ip": "192.168.25.111",

    "matrice_correzione_prospettiva": [
        [1.19962087e+00, 3.03070135e-01, -6.59806746e+01],
        [5.05979992e-03, 1.64790684e+00, -7.66065165e+01],
        [-1.08610130e-04, 1.09172033e-03, 1.00000000e+00]
    ]
}
